{"cameraMode":{"drawMode":0,"name":"Shaded","section":"Shading Mode"},"sceneLighting":true,"audioPlay":false,"sceneViewState":{"m_AlwaysRefresh":false,"showFog":true,"showSkybox":true,"showFlares":true,"showImageEffects":true,"showParticleSystems":true,"showVisualEffectGraphs":true,"m_FxEnabled":true},"in2DMode":false,"pivot":{"x":-0.7826452255249023,"y":1.3129440546035767,"z":0.15049409866333009},"rotation":{"x":-0.05232618749141693,"y":0.8958374857902527,"z":-0.10966455936431885,"w":-0.42744681239128115},"size":3.2435927391052248,"orthographic":false}