{"cameraMode":{"drawMode":0,"name":"Shaded","section":"Shading Mode"},"sceneLighting":true,"audioPlay":false,"sceneViewState":{"m_AlwaysRefresh":false,"showFog":true,"showSkybox":true,"showFlares":true,"showImageEffects":true,"showParticleSystems":true,"showVisualEffectGraphs":true,"m_FxEnabled":true},"in2DMode":false,"pivot":{"x":4.610158920288086,"y":-23.106550216674806,"z":28.344160079956056},"rotation":{"x":0.3577825129032135,"y":0.123835489153862,"z":-0.047931358218193057,"w":0.9243384599685669},"size":25.444110870361329,"orthographic":false}